Product,State,n_months,prophet_mse,prophet_rmse,prophet_mae,prophet_mape,sarima_mse,sarima_rmse,sarima_mae,sarima_mape,chosen_model,notes
CHECKING OR SAVINGS ACCOUNT,AZ,60,,,,,31.287862160400238,5.593555413187594,4.5364193834406095,0.5732969846127133,SARIMA,
CHECKING OR SAVINGS ACCOUNT,CA,60,,,,,1412.7492377542947,37.58655660943543,31.304172130604286,0.778627130398557,SARIMA,
CHECKING OR SAVINGS ACCOUNT,CT,60,,,,,8.313219610856668,2.8832654423165183,2.343026900877987,1.2592589530679168,SARIMA,
CHECKING OR SAVINGS ACCOUNT,FL,60,,,,,752.9218713310621,27.439421847609363,22.88000809631068,0.7307745072705382,SARIMA,
CHECKING OR SAVINGS ACCOUNT,GA,60,,,,,192.32982542395348,13.868302903526208,10.354273786230985,0.5638376520468201,SARIMA,
CHECKING OR SAVINGS ACCOUNT,IL,60,,,,,197.35977369354615,14.048479408588893,11.677958799900344,1.040883952237098,SARIMA,
CHECKING OR SAVINGS ACCOUNT,MI,60,,,,,36.04486760461491,6.003737802787103,4.56971044416799,0.49981274238119017,SARIMA,
CHECKING OR SAVINGS ACCOUNT,NC,60,,,,,115.26928020125854,10.736353207735787,7.608382888264754,0.8807909363799435,SARIMA,
CHECKING OR SAVINGS ACCOUNT,NJ,60,,,,,82.62197424272755,9.08966304340967,7.349154057174732,1.060532901552783,SARIMA,
CHECKING OR SAVINGS ACCOUNT,NV,60,,,,,221.31579848966103,14.876686408258427,14.595273464153047,1.8189619554503913,SARIMA,
CHECKING OR SAVINGS ACCOUNT,NY,60,,,,,372.8372538080096,19.30899411693964,15.048377873480852,0.8924546083657288,SARIMA,
CHECKING OR SAVINGS ACCOUNT,OH,60,,,,,63.421566630101346,7.963765857312817,5.833333333333333,1.6471657984531973,SARIMA,
CHECKING OR SAVINGS ACCOUNT,PA,60,,,,,215.089319475902,14.66592375119624,10.635611358978664,1.3818200219700916,SARIMA,
CHECKING OR SAVINGS ACCOUNT,TX,60,,,,,535.6609091925789,23.1443494009354,19.1768838290529,0.6395156488753019,SARIMA,
CHECKING OR SAVINGS ACCOUNT,VA,60,,,,,95.21159449059773,9.757642875746054,8.180345869997995,1.3407933944065737,SARIMA,
DEBT COLLECTION,AL,60,,,,,184.31085954386586,13.576113565518884,10.6577521942238,1.1516964337237159,SARIMA,
DEBT COLLECTION,AZ,60,,,,,176.16652636721855,13.272773876142791,10.833333333333334,1.0795981134849564,SARIMA,
DEBT COLLECTION,CA,60,,,,,2368.542586811671,48.66767496821346,36.96878264189809,1.7855779628483794,SARIMA,
DEBT COLLECTION,CO,60,,,,,44.76479599722532,6.690649893487577,6.0,0.8231586192449553,SARIMA,
DEBT COLLECTION,CT,60,,,,,32.15758211287372,5.670765566735564,5.233551195008016,0.8288001036695478,SARIMA,
DEBT COLLECTION,FL,60,,,,,5862.356924352952,76.56602983277213,56.845920884685825,1.5790592013875429,SARIMA,
DEBT COLLECTION,GA,60,,,,,2778.967455230448,52.71591273259383,41.833333333333336,1.324502634236109,SARIMA,
DEBT COLLECTION,IL,60,,,,,1534.3333333333333,39.17056718166503,32.666666666666664,1.4096226794811493,SARIMA,
DEBT COLLECTION,IN,60,,,,,160.85596762571254,12.682900599851461,9.140351943579887,1.3319699158142153,SARIMA,
DEBT COLLECTION,LA,60,,,,,366.12374677235556,19.13436037008699,14.645864993248253,2.5376871134228,SARIMA,
DEBT COLLECTION,MA,60,,,,,66.2076037007712,8.136805497292608,6.185391594333081,1.4190974279548978,SARIMA,
DEBT COLLECTION,MD,60,,,,,223.7399398311779,14.9579390235145,11.95129815850567,0.6089194116844141,SARIMA,
DEBT COLLECTION,MI,60,,,,,523.9258469102725,22.88942653083018,18.490389719908062,1.4640937141401007,SARIMA,
DEBT COLLECTION,MO,60,,,,,230.70682228697592,15.189036252737562,11.952967841961282,1.6161294541726072,SARIMA,
DEBT COLLECTION,MS,60,,,,,103.4283164756276,10.169971311445652,8.272851523764396,1.2774812862256575,SARIMA,
DEBT COLLECTION,NC,60,,,,,654.4061644897287,25.581363616698166,21.394586925905205,0.9389629904675565,SARIMA,
DEBT COLLECTION,NJ,60,,,,,386.24915995494786,19.653222635357995,18.075682179482673,0.8549944679248019,SARIMA,
DEBT COLLECTION,NV,60,,,,,50.65027003991068,7.1169003112247315,5.501155763163564,1.3811864524000654,SARIMA,
DEBT COLLECTION,NY,60,,,,,879.3333333333334,29.65355515504563,21.666666666666668,1.966630476005476,SARIMA,
DEBT COLLECTION,OH,60,,,,,613.7067964152468,24.7731063134046,21.124288352822685,1.7223521292756672,SARIMA,
DEBT COLLECTION,PA,60,,,,,651.6666666666666,25.52776266472772,21.666666666666668,1.084821710235251,SARIMA,
DEBT COLLECTION,SC,60,,,,,258.90294892892206,16.090461426849203,11.921882355084966,1.0485154126915601,SARIMA,
DEBT COLLECTION,TN,60,,,,,132.8772382370353,11.527238968505655,10.175160573163181,0.6684810553147189,SARIMA,
DEBT COLLECTION,TX,60,,,,,36436.778312424256,190.88420131698763,135.52525630848598,2.166783194355938,SARIMA,
DEBT COLLECTION,VA,60,,,,,191.09477102286715,13.82370323114856,8.566333418964325,0.7596980031270065,SARIMA,
DEBT COLLECTION,WA,60,,,,,69.81501242394808,8.355537829723954,7.621296870534466,2.2979324677997153,SARIMA,
"MONEY TRANSFER, VIRTUAL CURRENCY, OR MONEY SERVICE",CA,60,,,,,224.53489179542737,14.984488372828329,13.168714027029097,2.640485311279678,SARIMA,
"MONEY TRANSFER, VIRTUAL CURRENCY, OR MONEY SERVICE",FL,60,,,,,150.2855186648144,12.259099423074046,10.86164039200959,2.021165578894989,SARIMA,
"MONEY TRANSFER, VIRTUAL CURRENCY, OR MONEY SERVICE",NY,60,,,,,61.19354268634438,7.822630164231489,7.07101938285754,1.7149097555514123,SARIMA,
"MONEY TRANSFER, VIRTUAL CURRENCY, OR MONEY SERVICE",TX,60,,,,,99.69578448472198,9.984777638221193,8.0,1.4247016861539334,SARIMA,
MORTGAGE,CA,60,,,,,47.24400980279567,6.873427805891008,5.65627830221872,0.4974788557919079,SARIMA,
MORTGAGE,FL,60,,,,,67.99235297139589,8.245747568983415,6.273601849591425,0.8899358517258228,SARIMA,
MORTGAGE,IL,60,,,,,2.5065157750342935,1.5831979582586295,1.5,0.2901785714285714,SARIMA,
MORTGAGE,MI,60,,,,,5.825235785031221,2.4135525237771853,2.114375168253512,1.018705870078983,SARIMA,
MORTGAGE,MO,60,,,,,1.3456790123456797,1.1600340565456169,1.0370370370370372,0.8950617283950617,SARIMA,
MORTGAGE,NJ,60,,,,,16.691893247147465,4.085571348923852,3.558198771383886,1.620953955097586,SARIMA,
MORTGAGE,PA,60,,,,,14.268861454046634,3.7774146521194405,3.5185185185185173,1.6744855967078187,SARIMA,
MORTGAGE,TX,60,,,,,84.82043594012266,9.209801080377506,7.7065026604160005,0.9016499821529768,SARIMA,
MORTGAGE,VA,60,,,,,4.548385639951515,2.1326944553666176,1.6772508430380206,0.45219859088320646,SARIMA,
VEHICLE LOAN OR LEASE,CA,60,,,,,68.5651769305561,8.280409224824345,6.8695216030590815,1.6493718329833993,SARIMA,
VEHICLE LOAN OR LEASE,GA,60,,,,,20.13616746770933,4.487334115898808,4.110657231905017,0.5670132091462499,SARIMA,
VEHICLE LOAN OR LEASE,NY,60,,,,,5.293552812071331,2.300772220814423,1.9506172839506173,1.0740887713109937,SARIMA,
VEHICLE LOAN OR LEASE,TX,60,,,,,46.87397150857606,6.846456858008824,6.369515295824315,1.2161125544017988,SARIMA,
CHECKING OR SAVINGS ACCOUNT,AL,59,,,,,23.344311901437237,4.8315951715181225,4.700458690536195,0.666266348938971,SARIMA,
CHECKING OR SAVINGS ACCOUNT,CO,59,,,,,152.89951793574207,12.365254463040461,11.083061594828587,2.176927410410059,SARIMA,
CHECKING OR SAVINGS ACCOUNT,MA,59,,,,,8.384855052876139,2.8956614188948504,2.190738688078141,0.6673279343308646,SARIMA,
CHECKING OR SAVINGS ACCOUNT,MD,59,,,,,50.7482079343391,7.123777644925416,5.723582736179838,1.111770367472978,SARIMA,
CHECKING OR SAVINGS ACCOUNT,TN,59,,,,,31.489707678690035,5.6115690923920765,4.636629839173641,0.8113161103333507,SARIMA,
CHECKING OR SAVINGS ACCOUNT,WA,59,,,,,45.14590696008238,6.719070394041305,5.299842050174306,2.910014848911295,SARIMA,
DEBT COLLECTION,AR,59,,,,,68.20596403225086,8.25869021287582,6.886684904605407,0.5936779115044035,SARIMA,
DEBT COLLECTION,KS,59,,,,,8.142825090816078,2.8535635774967547,2.5826639388181314,1.2163970145213259,SARIMA,
DEBT COLLECTION,KY,59,,,,,10.119213479277741,3.181071121379989,2.8246748115354596,0.6354007290762307,SARIMA,
DEBT COLLECTION,UT,59,,,,,15.465882987661514,3.932668685213835,3.5544699698654223,1.7088710577454378,SARIMA,
"MONEY TRANSFER, VIRTUAL CURRENCY, OR MONEY SERVICE",GA,59,,,,,126.00769157863628,11.225314765236487,9.51629848284926,0.5364647677229233,SARIMA,
"MONEY TRANSFER, VIRTUAL CURRENCY, OR MONEY SERVICE",MI,59,,,,,18.143695956573314,4.2595417542939185,3.7889811481368834,1.1875885769816867,SARIMA,
"MONEY TRANSFER, VIRTUAL CURRENCY, OR MONEY SERVICE",OH,59,,,,,25.845047236639584,5.083802438789256,4.345517090552367,1.833374123691464,SARIMA,
MORTGAGE,AZ,59,,,,,5.833333333333337,2.4152294576982403,1.833333333333334,0.366666666666667,SARIMA,
MORTGAGE,CO,59,,,,,7.447825046777935,2.7290703631049777,2.625313217736577,2.099763249846787,SARIMA,
MORTGAGE,GA,59,,,,,4.83481666073337,2.198821652779818,1.8553459119496882,0.2806678646301292,SARIMA,
MORTGAGE,MD,59,,,,,3.592856295241487,1.8954831297696868,1.6666666666666667,0.5028451632225218,SARIMA,
MORTGAGE,NC,59,,,,,7.34680194612555,2.71049846820203,2.5,0.799515823100729,SARIMA,
MORTGAGE,NY,59,,,,,8.325407785788947,2.885378274297661,2.600830878971643,0.505552412378508,SARIMA,
MORTGAGE,OH,59,,,,,5.869718063041412,2.4227501033002583,2.008056045101191,0.49385237605730065,SARIMA,
MORTGAGE,TN,59,,,,,9.483870115444352,3.0795892770699718,2.6608081159326065,1.0551357256666825,SARIMA,
VEHICLE LOAN OR LEASE,FL,59,,,,,62.999925911415914,7.937249266050293,7.011879896162985,1.7243136890681534,SARIMA,
CHECKING OR SAVINGS ACCOUNT,IN,58,,,,,23.37619908349616,4.834893906126189,3.8656308834167965,1.2250833918179633,SARIMA,
CHECKING OR SAVINGS ACCOUNT,OR,58,,,,,5.712287869292315,2.3900393028760667,2.114012455206821,0.7563507375710191,SARIMA,
CHECKING OR SAVINGS ACCOUNT,SC,58,,,,,35.81744705597231,5.98476791997587,5.030847309783229,1.3213873649135028,SARIMA,
DEBT COLLECTION,OK,58,,,,,38.530786481504286,6.207317172620091,4.882622558551976,1.308345651426636,SARIMA,
DEBT COLLECTION,WI,58,,,,,19.115170753185954,4.372089975422047,3.4384793494298296,1.0180560343565395,SARIMA,
"MONEY TRANSFER, VIRTUAL CURRENCY, OR MONEY SERVICE",IL,58,,,,,97.1865808316943,9.858325457789183,8.639540344052097,0.8520352569686885,SARIMA,
"MONEY TRANSFER, VIRTUAL CURRENCY, OR MONEY SERVICE",NC,58,,,,,35.78337505174479,5.981920682501967,5.15372807146501,0.6753884103587792,SARIMA,
"MONEY TRANSFER, VIRTUAL CURRENCY, OR MONEY SERVICE",PA,58,,,,,25.03141936549058,5.003140949992373,4.333333333333333,1.55341053364612,SARIMA,
"MONEY TRANSFER, VIRTUAL CURRENCY, OR MONEY SERVICE",VA,58,,,,,20.250000000000004,4.5,4.166666666666667,0.870580808080808,SARIMA,
MORTGAGE,WA,58,,,,,2.4375353911744857,1.5612608338053209,1.3869988516923346,0.8745810304982286,SARIMA,
STUDENT LOAN,CA,58,,,,,72.65147728432454,8.523583594024554,7.662661910489798,0.8540481618662562,SARIMA,
STUDENT LOAN,FL,58,,,,,39.854046362404425,6.313006127226903,4.9046941510223085,1.6518829179863275,SARIMA,
STUDENT LOAN,TX,58,,,,,215.01020539676225,14.663226295626835,12.758728273095821,2.8986972534809277,SARIMA,
VEHICLE LOAN OR LEASE,IL,58,,,,,11.78729117900417,3.4332624687029347,3.3457257414628887,1.971943769896663,SARIMA,
VEHICLE LOAN OR LEASE,NC,58,,,,,8.496291330954387,2.914839846536064,2.624167509400649,0.9326050929477346,SARIMA,
CHECKING OR SAVINGS ACCOUNT,LA,57,,,,,27.661471360114888,5.259417397403907,4.666666666666667,1.9153419062433805,SARIMA,
CHECKING OR SAVINGS ACCOUNT,MN,57,,,,,13.195063019018052,3.6325009317298256,3.2815143426362234,0.9014558469856242,SARIMA,
CHECKING OR SAVINGS ACCOUNT,MO,57,,,,,7.357212699602388,2.712418238325791,2.110623542233684,1.229931987435143,SARIMA,
DEBT COLLECTION,DE,57,,,,,12.623883739009026,3.553010517717197,2.8413340629635484,0.8062515888250251,SARIMA,
DEBT COLLECTION,MN,57,,,,,35.86191249994877,5.988481652301255,4.879167739571874,2.157064700608107,SARIMA,
"MONEY TRANSFER, VIRTUAL CURRENCY, OR MONEY SERVICE",AZ,57,,,,,9.258937978108976,3.0428503049129736,2.7220852106708286,0.7200985626363593,SARIMA,
"MONEY TRANSFER, VIRTUAL CURRENCY, OR MONEY SERVICE",NJ,57,,,,,15.333333333333334,3.9157800414902435,3.3333333333333335,0.9699074074074074,SARIMA,
MORTGAGE,IN,57,,,,,2.530440412281147,1.5907358084487653,1.4472978776563326,1.0603982351997983,SARIMA,
MORTGAGE,SC,57,,,,,2.696835579148985,1.6422044876168695,1.2481773472788615,0.8140047469387532,SARIMA,
VEHICLE LOAN OR LEASE,PA,57,,,,,3.53671664744329,1.8806160287106164,1.6666666666666667,0.5863990040460627,SARIMA,
DEBT COLLECTION,OR,56,,,,,13.02598758271772,3.6091533055160903,3.2254588845808105,1.0227422507380393,SARIMA,
"MONEY TRANSFER, VIRTUAL CURRENCY, OR MONEY SERVICE",TN,56,,,,,8.333333333333334,2.886751345948129,2.3333333333333335,1.1666666666666667,SARIMA,
MORTGAGE,LA,56,,,,,1.5529972599219164,1.246193106995026,1.0810746474370883,0.4125898903934851,SARIMA,
STUDENT LOAN,PA,56,,,,,27.494879084808673,5.243555958012528,4.403546021820731,1.5975589925774163,SARIMA,
VEHICLE LOAN OR LEASE,NJ,56,,,,,7.006716824763676,2.6470203672740555,2.1666666666666665,0.8905378324007552,SARIMA,
VEHICLE LOAN OR LEASE,OH,56,,,,,9.200046403168455,3.0331578269467707,2.387622179076674,0.692243123051,SARIMA,
CHECKING OR SAVINGS ACCOUNT,WI,55,,,,,2.878081462535176,1.6964909261576309,1.5143023697277895,0.7672358241665836,SARIMA,
"MONEY TRANSFER, VIRTUAL CURRENCY, OR MONEY SERVICE",CO,55,,,,,1.4050736017494294,1.1853580057305175,0.9893343259576408,0.5883802855813135,SARIMA,
"MONEY TRANSFER, VIRTUAL CURRENCY, OR MONEY SERVICE",MA,55,,,,,0.7277523254199637,0.8530840084188448,0.7210884353741495,0.6054421768707482,SARIMA,
"MONEY TRANSFER, VIRTUAL CURRENCY, OR MONEY SERVICE",WA,55,,,,,6.8944697207417205,2.6257322256356836,2.068206935721124,1.031632145771382,SARIMA,
MORTGAGE,MA,55,,,,,1.1202614846467867,1.0584240570994154,0.9328780652619004,0.8246585489464252,SARIMA,
STUDENT LOAN,GA,55,,,,,58.32808957944732,7.637282866271703,6.818270903055939,3.227150560325344,SARIMA,
STUDENT LOAN,NY,55,,,,,96.78434390102586,9.837903430153492,8.176498823892437,5.332838161624107,SARIMA,
VEHICLE LOAN OR LEASE,MD,55,,,,,4.463847017305103,2.1127818196172323,1.7600262705696161,0.9356988684747517,SARIMA,
VEHICLE LOAN OR LEASE,MI,55,,,,,4.137631659718713,2.0341169238071624,1.5559430876319151,1.2014457537016863,SARIMA,
VEHICLE LOAN OR LEASE,TN,55,,,,,2.267711446527984,1.505892242668108,1.1666666666666667,0.561152606884965,SARIMA,
CHECKING OR SAVINGS ACCOUNT,KY,54,,,,,5.950735812339574,2.4394130056920607,2.0449369399510964,1.0703611570477622,SARIMA,
DEBT COLLECTION,IA,54,,,,,7.912457894448174,2.8129091514743547,2.6666666666666665,1.6247865127740375,SARIMA,
"MONEY TRANSFER, VIRTUAL CURRENCY, OR MONEY SERVICE",MD,54,,,,,8.736545138888886,2.9557647299622625,2.3472222222222214,0.6193783068783069,SARIMA,
STUDENT LOAN,MI,54,,,,,34.09610379208207,5.8391869118981,5.224479265238426,3.3525995593711495,SARIMA,
STUDENT LOAN,OH,54,,,,,13.172422633241924,3.629383230418348,3.0,0.9878736036889476,SARIMA,
CHECKING OR SAVINGS ACCOUNT,AR,53,,,,,4.267658110594776,2.0658310944011795,1.3333333333333333,0.22688545369948165,SARIMA,
"MONEY TRANSFER, VIRTUAL CURRENCY, OR MONEY SERVICE",MO,53,,,,,19.87428726282384,4.458058687682772,3.838523817259562,0.6033876708254576,SARIMA,
VEHICLE LOAN OR LEASE,AZ,53,,,,,4.341139912759337,2.0835402354548704,1.699066475631396,0.43963431366108413,SARIMA,
VEHICLE LOAN OR LEASE,VA,53,,,,,4.746377018493052,2.178618144258661,1.7607767392332487,0.8026737105286826,SARIMA,
"MONEY TRANSFER, VIRTUAL CURRENCY, OR MONEY SERVICE",SC,52,,,,,6.8068260017855735,2.6089894598839556,2.532347508695601,0.8371285893662249,SARIMA,
MORTGAGE,CT,52,,,,,1.9365053486685302,1.3915837555348691,1.298143231866328,1.002295912611843,SARIMA,
CHECKING OR SAVINGS ACCOUNT,MS,51,,,,,8.891975308641973,2.9819415334043646,2.7962962962962963,0.5041887125220459,SARIMA,
DEBT COLLECTION,DC,51,,,,,4.285067005182175,2.070040339022932,1.6666666666666667,0.8685229159599848,SARIMA,
DEBT COLLECTION,ID,51,,,,,6.335245471464415,2.5169913530770054,1.5648718290614967,0.4961294476433949,SARIMA,
STUDENT LOAN,IL,51,,,,,14.219482317343266,3.7708728853334827,3.183428960114021,1.1682678223473801,SARIMA,
VEHICLE LOAN OR LEASE,MA,51,,,,,3.154867101810941,1.7761945562947041,1.6728155117735535,0.7832176601139454,SARIMA,
VEHICLE LOAN OR LEASE,SC,51,,,,,9.615702479338843,3.100919618329189,2.5000000000000004,0.8088383838383839,SARIMA,
CHECKING OR SAVINGS ACCOUNT,DC,50,,,,,1.4734041249799201,1.2138385909913723,0.8421507510572065,0.3422965792214052,SARIMA,
CHECKING OR SAVINGS ACCOUNT,OK,50,,,,,3.189166637882241,1.7858237981061404,1.5666666603404193,0.9909722181365209,SARIMA,
DEBT COLLECTION,NM,50,,,,,7.164428374655647,2.6766449848001224,2.3333333333333335,0.9500946969696972,SARIMA,
"MONEY TRANSFER, VIRTUAL CURRENCY, OR MONEY SERVICE",NV,50,,,,,2.795971074380166,1.6721157479014919,1.4924242424242424,0.6311237373737374,SARIMA,
STUDENT LOAN,CO,50,,,,,1.695145650164032,1.3019775920360657,1.0,0.2171258542636568,SARIMA,
MORTGAGE,MN,49,,,,,1.1762877534661178,1.0845680031543057,0.9767627814591912,0.9250800956604371,SARIMA,
MORTGAGE,OR,49,,,,,0.5966288083648825,0.7724175091004104,0.6240310077519385,0.4870801033591734,SARIMA,
STUDENT LOAN,VA,49,,,,,10.79651383914318,3.285804899738142,2.6538564747916866,1.6538564747916864,SARIMA,
STUDENT LOAN,NJ,48,,,,,7.800049237993517,2.792856823754758,2.2678690231117677,0.800344421103318,SARIMA,
CHECKING OR SAVINGS ACCOUNT,DE,47,,,,,1.2768587361339239,1.1299817415046687,0.9272045784508522,0.7306631168189747,SARIMA,
DEBT COLLECTION,NE,47,,,,,11.09882913232529,3.331490527125252,3.0081855091075944,1.8576246400464569,SARIMA,
MORTGAGE,AL,47,,,,,3.854290023374721,1.9632345818507582,1.7286922809934797,0.8034213385566376,SARIMA,
MORTGAGE,WI,47,,,,,1.9160136357230826,1.3842014433322494,0.7094762783696537,0.27557340071230274,SARIMA,
VEHICLE LOAN OR LEASE,AL,47,,,,,2.2236321466598965,1.4911848130462892,1.1957375798668937,0.48179132798768404,SARIMA,
VEHICLE LOAN OR LEASE,LA,47,,,,,4.212845842146509,2.0525218250110053,2.0018856394551454,1.0918166734476378,SARIMA,
CHECKING OR SAVINGS ACCOUNT,IA,46,,,,,1.4739583333333333,1.2140668570277888,1.1666666666666667,0.7378472222222223,SARIMA,
CHECKING OR SAVINGS ACCOUNT,WV,46,,,,,4.989069515447678,2.2336225096125077,1.9365917966388178,0.7004623559223129,SARIMA,
"MONEY TRANSFER, VIRTUAL CURRENCY, OR MONEY SERVICE",LA,46,,,,,17.78916666666667,4.2177205534111275,3.433333333333333,0.6787896825396826,SARIMA,
VEHICLE LOAN OR LEASE,IN,46,,,,,2.0,1.4142135623730951,1.3333333333333333,0.861111111111111,SARIMA,
VEHICLE LOAN OR LEASE,MO,46,,,,,1.829099089532226,1.3524418987639455,1.126338675359612,0.5042630305400225,SARIMA,
CHECKING OR SAVINGS ACCOUNT,UT,45,,,,,5.233032846089477,2.2875823146041054,1.929195775831,1.4220573574293518,SARIMA,
DEBT COLLECTION,WV,45,,,,,5.307264718800696,2.303750142441818,1.6805709555557904,0.659447949537267,SARIMA,
"MONEY TRANSFER, VIRTUAL CURRENCY, OR MONEY SERVICE",OR,45,,,,,1.5416255753152706,1.2416221548100979,0.989316239325654,0.439725783473822,SARIMA,
MORTGAGE,OK,45,,,,,4.831360946918421,2.1980357019207903,1.2863247863816767,0.3704721204860045,SARIMA,
MORTGAGE,UT,45,,,,,1.42341481800319,1.193069494205258,1.039791191863485,0.4483855353674621,SARIMA,
STUDENT LOAN,MD,45,,,,,13.609218770917627,3.6890674663006133,3.5028740946266077,2.718921535717009,SARIMA,
STUDENT LOAN,NC,45,,,,,5.269327627823919,2.29550160701837,2.0218587159628956,0.8235986203864659,SARIMA,
CHECKING OR SAVINGS ACCOUNT,KS,44,,,,,0.8085467687760103,0.8991922868752881,0.7933220567378733,0.652072971855183,SARIMA,
"MONEY TRANSFER, VIRTUAL CURRENCY, OR MONEY SERVICE",MN,44,,,,,0.9993237101800553,0.9996617978996973,0.700109649122807,0.32419885398981324,SARIMA,
MORTGAGE,NV,44,,,,,1.1934441366574338,1.092448688340754,1.0263157894736847,0.6118421052631583,SARIMA,
STUDENT LOAN,MA,44,,,,,9.929419869659045,3.1510982005737374,1.8817300450282428,0.5616953197523641,SARIMA,
STUDENT LOAN,SC,44,,,,,1.3333333333333333,1.1547005383792515,1.0,0.48333333333333334,SARIMA,
CHECKING OR SAVINGS ACCOUNT,NM,43,,,,,1.4884366982393038,1.2200150401693022,1.0744497668013198,0.5738483931572461,SARIMA,
DEBT COLLECTION,HI,43,,,,,10.166666666666666,3.1885210782848317,2.5,1.9444444444444446,SARIMA,
DEBT COLLECTION,RI,43,,,,,2.5961772583394187,1.611265731758551,1.2747747747747746,0.3333333333333333,SARIMA,
"MONEY TRANSFER, VIRTUAL CURRENCY, OR MONEY SERVICE",AL,43,,,,,3.3742847577307025,1.8369226324836607,1.3468468468468464,0.4246996996996996,SARIMA,
"MONEY TRANSFER, VIRTUAL CURRENCY, OR MONEY SERVICE",IN,43,,,,,3.4803993221283136,1.86558283711239,1.7027027036375912,0.5477477478334459,SARIMA,
MORTGAGE,KY,43,,,,,0.42512782895305573,0.6520182734809322,0.5945945940099279,0.5585585576815585,SARIMA,
VEHICLE LOAN OR LEASE,MS,43,,,,,3.169782286734115,1.7803882404504123,1.7202621181481892,1.6393648261776514,SARIMA,
VEHICLE LOAN OR LEASE,NV,43,,,,,0.6141952763574388,0.7837061160648414,0.7252252252252255,0.5510510510510515,SARIMA,
CHECKING OR SAVINGS ACCOUNT,ID,42,,,,,3.151234570157959,1.7751717015990198,1.4814814820230955,0.4891975309770337,SARIMA,
MORTGAGE,DE,42,,,,,0.4174382716049378,0.6460946305340556,0.6296296296296293,0.6041666666666662,SARIMA,
VEHICLE LOAN OR LEASE,CT,42,,,,,0.8433641989030626,0.9183486260146865,0.8333333333333334,0.5007716038601158,SARIMA,
"MONEY TRANSFER, VIRTUAL CURRENCY, OR MONEY SERVICE",CT,41,,,,,2.10361560923317,1.4503846418220134,1.1852053262020268,0.7461668622766638,SARIMA,
"MONEY TRANSFER, VIRTUAL CURRENCY, OR MONEY SERVICE",WI,41,,,,,4.493197278981778,2.119716320402751,1.8809523809658464,0.5476190476207308,SARIMA,
STUDENT LOAN,AZ,41,,,,,0.5647527140367306,0.7515003087402763,0.5859323264651489,0.3212667366070832,SARIMA,
STUDENT LOAN,TN,41,,,,,6.649619690415008,2.578685651725508,2.0652067517938137,0.5926641259568897,SARIMA,
STUDENT LOAN,WA,41,,,,,5.439050879761372,2.332177283090068,1.9706050833964062,1.267534779965077,SARIMA,
"MONEY TRANSFER, VIRTUAL CURRENCY, OR MONEY SERVICE",KY,40,,,,,1.41196880444639,1.188262935737032,0.7436891864771309,0.212038736749896,SARIMA,
MORTGAGE,KS,40,,,,,0.6560328141171331,0.8099585261710214,0.7120442936440515,0.6760498303495582,SARIMA,
MORTGAGE,MS,40,,,,,0.5743944638306839,0.7578881605030414,0.6666666666666666,0.4248366011423868,SARIMA,
CHECKING OR SAVINGS ACCOUNT,NH,39,,,,,3.4425608256537994,1.8554139229977227,1.3528161056817956,0.6850168803161258,SARIMA,
CHECKING OR SAVINGS ACCOUNT,RI,39,,,,,2.60979968527243,1.61548744509898,1.5676205772102871,1.3115020322402933,SARIMA,
DEBT COLLECTION,ME,39,,,,,1.5741798792286612,1.2546632533188582,0.979443398102061,0.4401693271395644,SARIMA,
STUDENT LOAN,IN,39,,,,,11.955973288771636,3.4577410673403,2.4410161985706416,0.8747215648455908,SARIMA,
STUDENT LOAN,LA,39,,,,,2.4262722365332974,1.5576495872092984,1.221809671310092,0.5377112502889249,SARIMA,
STUDENT LOAN,MN,39,,,,,6.333333333333336,2.5166114784235836,1.3333333333333337,0.4583333333333333,SARIMA,
STUDENT LOAN,WI,39,,,,,11.333333333333334,3.366501646120693,3.0,1.5,SARIMA,
DEBT COLLECTION,NH,38,,,,,2.9694775962977147,1.7232172226094176,1.4957659569793684,0.631185369984746,SARIMA,
VEHICLE LOAN OR LEASE,CO,38,,,,,0.4013344542223112,0.6335096323042856,0.5944554835914868,0.48892655689074416,SARIMA,
VEHICLE LOAN OR LEASE,KY,38,,,,,0.5764973977438896,0.7592742572640598,0.6041666686388538,0.30815972279744347,SARIMA,
VEHICLE LOAN OR LEASE,MN,38,,,,,0.5738932297567442,0.7575574102051568,0.6666666666666665,0.4253472216170146,SARIMA,
VEHICLE LOAN OR LEASE,WA,38,,,,,1.4322916676374853,1.1967838851010175,0.9583333336320466,0.4461805554933235,SARIMA,
"MONEY TRANSFER, VIRTUAL CURRENCY, OR MONEY SERVICE",OK,37,,,,,0.6839745628829029,0.8270275466288308,0.6309387438176969,0.2233135529651158,SARIMA,
"MONEY TRANSFER, VIRTUAL CURRENCY, OR MONEY SERVICE",UT,37,,,,,0.2166579952149291,0.4654653533990786,0.4274193549276162,0.25448028677539564,SARIMA,
STUDENT LOAN,MO,37,,,,,8.12573707943115,2.850567852100902,1.9193548387096773,0.4977598566308245,SARIMA,
"MONEY TRANSFER, VIRTUAL CURRENCY, OR MONEY SERVICE",AR,36,,,,,0.576037927283119,0.7589716248207959,0.5034073961624376,0.30666447185534823,SARIMA,
"MONEY TRANSFER, VIRTUAL CURRENCY, OR MONEY SERVICE",DE,36,,,,,,,,,FAILED,
"MONEY TRANSFER, VIRTUAL CURRENCY, OR MONEY SERVICE",MS,36,,,,,3.870637514112879,1.9673935839360865,1.601496125284389,0.4474486092571828,SARIMA,
STUDENT LOAN,CT,36,,,,,,,,,FAILED,
STUDENT LOAN,OR,36,,,,,0.8233333333333337,0.9073771725877469,0.8333333333333334,0.5194444444444443,SARIMA,
VEHICLE LOAN OR LEASE,OK,35,,,,,,,,,FAILED,
VEHICLE LOAN OR LEASE,WI,35,,,,,1.7693351354719538,1.3301635747049887,1.103760480135498,0.5731220575296114,SARIMA,
CREDIT CARD OR PREPAID CARD,AZ,34,,,,,11.2195963822046,3.3495665961739887,2.950661239306401,0.21065812637101786,SARIMA,
CREDIT CARD OR PREPAID CARD,CA,34,,,,,91.42048985596149,9.561406269789057,8.41611450307857,0.11889886173573043,SARIMA,
CREDIT CARD OR PREPAID CARD,CO,34,,,,,,,,,FAILED,
CREDIT CARD OR PREPAID CARD,FL,34,,,,,340.3344876726708,18.448156755423312,15.624339749107861,0.3231479338208903,SARIMA,
CREDIT CARD OR PREPAID CARD,GA,34,,,,,173.85082524536267,13.185250291343076,12.88550642326796,0.5312091009001726,SARIMA,
CREDIT CARD OR PREPAID CARD,IL,34,,,,,5.166241496598642,2.272936755961028,1.6071428571428577,0.10833468002585654,SARIMA,
CREDIT CARD OR PREPAID CARD,MA,34,,,,,24.25022504747751,4.924451750954365,4.189407718936091,0.6143714828586048,SARIMA,
CREDIT CARD OR PREPAID CARD,MD,34,,,,,27.065881438927402,5.202488004688468,4.5620928096653905,0.3035243201038435,SARIMA,
CREDIT CARD OR PREPAID CARD,MI,34,,,,,24.210987360069172,4.920466173043889,3.203996334403024,0.23348625641255547,SARIMA,
CREDIT CARD OR PREPAID CARD,NC,34,,,,,41.471987749952554,6.439874824090337,5.8807396525491304,0.33870850672293545,SARIMA,
CREDIT CARD OR PREPAID CARD,NJ,34,,,,,43.0,6.557438524302,5.666666666666667,0.3784292225662194,SARIMA,
CREDIT CARD OR PREPAID CARD,NV,34,,,,,38.08863176409966,6.171598801291255,5.088029331303945,0.5033554716278981,SARIMA,
CREDIT CARD OR PREPAID CARD,NY,34,,,,,58.20808242499109,7.629422155379206,6.062830704001098,0.16546907180091175,SARIMA,
CREDIT CARD OR PREPAID CARD,OH,34,,,,,35.333333333333336,5.94418483337567,5.0,0.3351851851851852,SARIMA,
CREDIT CARD OR PREPAID CARD,PA,34,,,,,301.31972789115645,17.35856353190426,13.142857142857144,0.3921550460924275,SARIMA,
CREDIT CARD OR PREPAID CARD,TX,34,,,,,469.1666666666667,21.660255461712975,18.833333333333332,0.35333393680875286,SARIMA,
CREDIT CARD OR PREPAID CARD,VA,34,,,,,59.36007315398417,7.704548861158853,6.131403103942581,0.4056453591354388,SARIMA,
CREDIT CARD OR PREPAID CARD,WA,34,,,,,,,,,FAILED,
"CREDIT REPORTING, CREDIT REPAIR SERVICES, OR OTHER PERSONAL CONSUMER REPORTS",AL,34,,,,,215.789053546558,14.689760159599544,10.166666666666666,0.15968118121314842,SARIMA,
"CREDIT REPORTING, CREDIT REPAIR SERVICES, OR OTHER PERSONAL CONSUMER REPORTS",AR,34,,,,,328.2083333333333,18.11652100524086,16.083333333333332,0.3729281989475632,SARIMA,
"CREDIT REPORTING, CREDIT REPAIR SERVICES, OR OTHER PERSONAL CONSUMER REPORTS",AZ,34,,,,,250.53297956656525,15.82823362117723,12.914028920659169,0.18574867837889394,SARIMA,
"CREDIT REPORTING, CREDIT REPAIR SERVICES, OR OTHER PERSONAL CONSUMER REPORTS",CA,34,,,,,,,,,FAILED,
"CREDIT REPORTING, CREDIT REPAIR SERVICES, OR OTHER PERSONAL CONSUMER REPORTS",CO,34,,,,,,,,,FAILED,
"CREDIT REPORTING, CREDIT REPAIR SERVICES, OR OTHER PERSONAL CONSUMER REPORTS",CT,34,,,,,121.16666666666667,11.007573150638912,8.166666666666666,0.20131261010517976,SARIMA,
"CREDIT REPORTING, CREDIT REPAIR SERVICES, OR OTHER PERSONAL CONSUMER REPORTS",DC,34,,,,,54.38899152325425,7.374889254982358,5.729053134540959,0.26148696699036794,SARIMA,
"CREDIT REPORTING, CREDIT REPAIR SERVICES, OR OTHER PERSONAL CONSUMER REPORTS",DE,34,,,,,24.78205662449165,4.978157954955995,4.521959807399007,0.17596959997037295,SARIMA,
"CREDIT REPORTING, CREDIT REPAIR SERVICES, OR OTHER PERSONAL CONSUMER REPORTS",FL,34,,,,,,,,,FAILED,
"CREDIT REPORTING, CREDIT REPAIR SERVICES, OR OTHER PERSONAL CONSUMER REPORTS",GA,34,,,,,,,,,FAILED,
"CREDIT REPORTING, CREDIT REPAIR SERVICES, OR OTHER PERSONAL CONSUMER REPORTS",IA,34,,,,,,,,,FAILED,
"CREDIT REPORTING, CREDIT REPAIR SERVICES, OR OTHER PERSONAL CONSUMER REPORTS",IL,34,,,,,,,,,FAILED,
"CREDIT REPORTING, CREDIT REPAIR SERVICES, OR OTHER PERSONAL CONSUMER REPORTS",IN,34,,,,,146.63211847287027,12.109174970776097,10.124306390213473,0.132500878950409,SARIMA,
"CREDIT REPORTING, CREDIT REPAIR SERVICES, OR OTHER PERSONAL CONSUMER REPORTS",KS,34,,,,,18.417596616872046,4.291572743980002,3.5464645118678924,0.33019313511291676,SARIMA,
"CREDIT REPORTING, CREDIT REPAIR SERVICES, OR OTHER PERSONAL CONSUMER REPORTS",KY,34,,,,,,,,,FAILED,
"CREDIT REPORTING, CREDIT REPAIR SERVICES, OR OTHER PERSONAL CONSUMER REPORTS",LA,34,,,,,1342.929906919551,36.646008062537334,34.203266714984366,0.2069149547157568,SARIMA,
"CREDIT REPORTING, CREDIT REPAIR SERVICES, OR OTHER PERSONAL CONSUMER REPORTS",MA,34,,,,,2087.243791106742,45.6863632948251,44.00479696465945,0.6209552240276555,SARIMA,
"CREDIT REPORTING, CREDIT REPAIR SERVICES, OR OTHER PERSONAL CONSUMER REPORTS",MD,34,,,,,,,,,FAILED,
"CREDIT REPORTING, CREDIT REPAIR SERVICES, OR OTHER PERSONAL CONSUMER REPORTS",MI,34,,,,,914.1666666666666,30.235189211689526,29.5,0.22403051850110675,SARIMA,
"CREDIT REPORTING, CREDIT REPAIR SERVICES, OR OTHER PERSONAL CONSUMER REPORTS",MN,34,,,,,42.51277500692748,6.520182129889277,5.929278976647725,0.2627328643801838,SARIMA,
"CREDIT REPORTING, CREDIT REPAIR SERVICES, OR OTHER PERSONAL CONSUMER REPORTS",MO,34,,,,,,,,,FAILED,
"CREDIT REPORTING, CREDIT REPAIR SERVICES, OR OTHER PERSONAL CONSUMER REPORTS",MS,34,,,,,250.12966126144704,15.815488018440881,14.236165393634904,0.302415314626069,SARIMA,
"CREDIT REPORTING, CREDIT REPAIR SERVICES, OR OTHER PERSONAL CONSUMER REPORTS",NC,34,,,,,6636.333333333333,81.4636933445405,65.66666666666667,0.19563543609500642,SARIMA,
"CREDIT REPORTING, CREDIT REPAIR SERVICES, OR OTHER PERSONAL CONSUMER REPORTS",NJ,34,,,,,568.4055066814868,23.841256398971236,20.5078817083127,0.13125121331076484,SARIMA,
"CREDIT REPORTING, CREDIT REPAIR SERVICES, OR OTHER PERSONAL CONSUMER REPORTS",NM,34,,,,,,,,,FAILED,
"CREDIT REPORTING, CREDIT REPAIR SERVICES, OR OTHER PERSONAL CONSUMER REPORTS",NV,34,,,,,1771.6943826821062,42.09150012392177,35.52898069240175,0.34947002385289333,SARIMA,
"CREDIT REPORTING, CREDIT REPAIR SERVICES, OR OTHER PERSONAL CONSUMER REPORTS",NY,34,,,,,5545.971969411464,74.4712828505825,70.11442036139506,0.2096432095976178,SARIMA,
"CREDIT REPORTING, CREDIT REPAIR SERVICES, OR OTHER PERSONAL CONSUMER REPORTS",OH,34,,,,,1602.3056972789107,40.028810840179986,35.01190476190475,0.3151110074467454,SARIMA,
"CREDIT REPORTING, CREDIT REPAIR SERVICES, OR OTHER PERSONAL CONSUMER REPORTS",OK,34,,,,,91.66666666666667,9.574271077563381,8.0,0.4057757485228602,SARIMA,
"CREDIT REPORTING, CREDIT REPAIR SERVICES, OR OTHER PERSONAL CONSUMER REPORTS",OR,34,,,,,,,,,FAILED,
"CREDIT REPORTING, CREDIT REPAIR SERVICES, OR OTHER PERSONAL CONSUMER REPORTS",PA,34,,,,,,,,,FAILED,
"CREDIT REPORTING, CREDIT REPAIR SERVICES, OR OTHER PERSONAL CONSUMER REPORTS",SC,34,,,,,872.1554440535082,29.532278003119032,23.756049513712345,0.18337413210164275,SARIMA,
"CREDIT REPORTING, CREDIT REPAIR SERVICES, OR OTHER PERSONAL CONSUMER REPORTS",TN,34,,,,,,,,,FAILED,
"CREDIT REPORTING, CREDIT REPAIR SERVICES, OR OTHER PERSONAL CONSUMER REPORTS",TX,34,,,,,32008.40410462825,178.9089268444374,175.76369447523393,0.27305143642329294,SARIMA,
"CREDIT REPORTING, CREDIT REPAIR SERVICES, OR OTHER PERSONAL CONSUMER REPORTS",UT,34,,,,,38.889602905346464,6.23615289303802,5.5804054742961,0.6445758437938506,SARIMA,
"CREDIT REPORTING, CREDIT REPAIR SERVICES, OR OTHER PERSONAL CONSUMER REPORTS",VA,34,,,,,912.1767557161644,30.202264082617454,27.12276878207351,0.19212671624249886,SARIMA,
"CREDIT REPORTING, CREDIT REPAIR SERVICES, OR OTHER PERSONAL CONSUMER REPORTS",WA,34,,,,,,,,,FAILED,
"CREDIT REPORTING, CREDIT REPAIR SERVICES, OR OTHER PERSONAL CONSUMER REPORTS",WI,34,,,,,,,,,FAILED,
MORTGAGE,NM,34,,,,,1.3503401377656514,1.1620413666327252,0.8809523817251943,0.3690476192891232,SARIMA,
"PAYDAY LOAN, TITLE LOAN, OR PERSONAL LOAN",CA,34,,,,,,,,,FAILED,
"PAYDAY LOAN, TITLE LOAN, OR PERSONAL LOAN",FL,34,,,,,,,,,FAILED,
STUDENT LOAN,KY,34,,,,,0.17517006712002067,0.418533232993535,0.40476190317432187,0.3511904744044454,SARIMA,
CHECKING OR SAVINGS ACCOUNT,HI,33,,,,,,,,,FAILED,
CHECKING OR SAVINGS ACCOUNT,NE,33,,,,,3.5833333414094053,1.8929694507332666,1.3888888905041032,0.5370370364986322,SARIMA,
CREDIT CARD OR PREPAID CARD,AL,33,,,,,3.2953906128691575,1.8153210770740138,1.511276130710156,0.5133399808250639,SARIMA,
CREDIT CARD OR PREPAID CARD,CT,33,,,,,,,,,FAILED,
CREDIT CARD OR PREPAID CARD,IN,33,,,,,21.807536504772717,4.669854013218477,3.0782433903212234,0.33183285967745174,SARIMA,
CREDIT CARD OR PREPAID CARD,MO,33,,,,,,,,,FAILED,
CREDIT CARD OR PREPAID CARD,TN,33,,,,,,,,,FAILED,
CREDIT CARD OR PREPAID CARD,WI,33,,,,,9.75240054869684,3.122883370972544,2.7839506172839505,0.4300117577895355,SARIMA,
"CREDIT REPORTING, CREDIT REPAIR SERVICES, OR OTHER PERSONAL CONSUMER REPORTS",RI,33,,,,,14.77724518079824,3.8441182579101594,3.04152082565737,0.7826958441283978,SARIMA,
DEBT COLLECTION,MT,33,,,,,0.6638479405018493,0.8147686423162401,0.7334915996270547,0.49041536889716236,SARIMA,
DEBT COLLECTION,ND,33,,,,,,,,,FAILED,
"PAYDAY LOAN, TITLE LOAN, OR PERSONAL LOAN",GA,33,,,,,13.74449890907727,3.707357402392878,2.738971333908705,0.3602675088875055,SARIMA,
"PAYDAY LOAN, TITLE LOAN, OR PERSONAL LOAN",TX,33,,,,,27.333333333333332,5.228129047119374,4.666666666666667,0.7990231990231992,SARIMA,
STUDENT LOAN,AL,33,,,,,0.9012345686305752,0.9493337498638585,0.851851850757841,0.5308641957075128,SARIMA,
CREDIT CARD OR PREPAID CARD,DE,32,,,,,,,,,FAILED,
CREDIT CARD OR PREPAID CARD,SC,32,,,,,,,,,FAILED,
"CREDIT REPORTING, CREDIT REPAIR SERVICES, OR OTHER PERSONAL CONSUMER REPORTS",WV,32,,,,,3.00829248534165,1.7344429899370144,1.3341703959285962,0.7598750302211569,SARIMA,
DEBT COLLECTION,AK,32,,,,,,,,,FAILED,
DEBT COLLECTION,SD,32,,,,,0.5268864531174764,0.725869446331416,0.5946388630657881,0.37487776716263593,SARIMA,
MORTGAGE,AR,32,,,,,,,,,FAILED,
CREDIT CARD OR PREPAID CARD,MN,31,,,,,,,,,FAILED,
CREDIT CARD OR PREPAID CARD,OR,31,,,,,,,,,FAILED,
"CREDIT REPORTING, CREDIT REPAIR SERVICES, OR OTHER PERSONAL CONSUMER REPORTS",PR,31,,,,,1.4744,1.2142487389328431,1.126666666666667,0.7372222222222223,SARIMA,
"MONEY TRANSFER, VIRTUAL CURRENCY, OR MONEY SERVICE",KS,31,,,,,1.086715621734451,1.042456532299765,0.8802544822319791,0.40195445105465755,SARIMA,
VEHICLE LOAN OR LEASE,AR,31,,,,,0.2536000003342885,0.5035871328124741,0.5,0.3599999993035657,SARIMA,
CREDIT CARD OR PREPAID CARD,KY,30,,,,,,,,,FAILED,
CREDIT CARD OR PREPAID CARD,OK,30,,,,,3.5,1.8708286933869707,1.1666666666666667,0.3611111111111111,SARIMA,
"CREDIT REPORTING, CREDIT REPAIR SERVICES, OR OTHER PERSONAL CONSUMER REPORTS",HI,30,,,,,,,,,FAILED,
"CREDIT REPORTING, CREDIT REPAIR SERVICES, OR OTHER PERSONAL CONSUMER REPORTS",NE,30,,,,,,,,,FAILED,
"PAYDAY LOAN, TITLE LOAN, OR PERSONAL LOAN",VA,30,,,,,3.0314927189500516,1.741118238072892,1.458344158727198,0.5354229761699653,SARIMA,
STUDENT LOAN,KS,30,,,,,,,,,FAILED,
VEHICLE LOAN OR LEASE,DC,30,,,,,,,,,FAILED,
CREDIT CARD OR PREPAID CARD,AR,29,,,,,,,,,FAILED,
CREDIT CARD OR PREPAID CARD,LA,29,,,,,1.1654815000787653,1.0795746848082188,0.9850543478260873,0.3612535876837937,SARIMA,
CREDIT CARD OR PREPAID CARD,MS,29,,,,,,,,,FAILED,
CREDIT CARD OR PREPAID CARD,UT,29,,,,,7.78506789814784,2.790173453057684,2.0674875903043453,0.5941264672585382,SARIMA,
DEBT COLLECTION,PR,29,,,,,2.687059292955063,1.6392252111760186,1.3712872610951534,1.0326631423719785,SARIMA,
"MONEY TRANSFER, VIRTUAL CURRENCY, OR MONEY SERVICE",DC,29,,,,,2.3333333333333335,1.5275252316519468,1.3333333333333333,0.9166666666666666,SARIMA,
"MONEY TRANSFER, VIRTUAL CURRENCY, OR MONEY SERVICE",IA,29,,,,,1.2432262129825309,1.115000543938222,0.8405797101425533,0.49094202898164907,SARIMA,
"PAYDAY LOAN, TITLE LOAN, OR PERSONAL LOAN",IL,29,,,,,12.141256381312376,3.4844305677272973,2.624282382080454,0.44301681849836355,SARIMA,
"PAYDAY LOAN, TITLE LOAN, OR PERSONAL LOAN",NC,29,,,,,1.0,1.0,0.6666666666666666,0.3333333333333333,SARIMA,
"PAYDAY LOAN, TITLE LOAN, OR PERSONAL LOAN",NY,29,,,,,1.1424019007359134,1.0688320264362934,0.8694564145866303,0.5139016148688095,SARIMA,
"PAYDAY LOAN, TITLE LOAN, OR PERSONAL LOAN",TN,29,,,,,,,,,FAILED,
VEHICLE LOAN OR LEASE,UT,29,,,,,,,,,FAILED,
"CREDIT REPORTING, CREDIT REPAIR SERVICES, OR OTHER PERSONAL CONSUMER REPORTS",MT,28,,,,,12.444726534464445,3.5277083970283662,2.949481178540602,1.9517168408608265,SARIMA,
"MONEY TRANSFER, VIRTUAL CURRENCY, OR MONEY SERVICE",NM,28,,,,,0.5733333334024903,0.7571877794857035,0.4666666664937744,0.24999999981990392,SARIMA,
"PAYDAY LOAN, TITLE LOAN, OR PERSONAL LOAN",MI,28,,,,,1.57829416603351,1.2563017814337087,1.044623138881824,0.5460593515203899,SARIMA,
"PAYDAY LOAN, TITLE LOAN, OR PERSONAL LOAN",OH,28,,,,,2.12396694214876,1.4573835947164906,1.2727272727272727,0.6242424242424243,SARIMA,
STUDENT LOAN,IA,28,,,,,1.2582644628099175,1.121723879932097,0.7727272727272725,0.4488636363636361,SARIMA,
VEHICLE LOAN OR LEASE,DE,28,,,,,,,,,FAILED,
CREDIT CARD,AZ,27,,,,,,,,,FAILED,
CREDIT CARD,CA,27,,,,,410.37918230694186,20.25781780713169,11.837830866899155,0.4732212301061151,SARIMA,
CREDIT CARD,CO,27,,,,,,,,,FAILED,
CREDIT CARD,CT,27,,,,,,,,,FAILED,
CREDIT CARD,FL,27,,,,,,,,,FAILED,
CREDIT CARD,GA,27,,,,,180.1870267954108,13.423376132531294,10.326647434193996,1.8747550321241075,SARIMA,
CREDIT CARD,IL,27,,,,,1479.43848513813,38.46346948908965,37.23332627668845,3.755293101378586,SARIMA,
CREDIT CARD,MA,27,,,,,,,,,FAILED,
CREDIT CARD,MD,27,,,,,55.166666666666664,7.427426651719064,5.833333333333333,2.597123015873016,SARIMA,
CREDIT CARD,MO,27,,,,,30.166666666666668,5.49241901776136,4.833333333333333,1.3549603174603175,SARIMA,
CREDIT CARD,NC,27,,,,,73.66666666666667,8.582928793055823,6.333333333333333,0.7550609615827008,SARIMA,
CREDIT CARD,NJ,27,,,,,89.30612244897952,9.450191662023554,8.158730158730156,1.0966825502539785,SARIMA,
CREDIT CARD,NY,27,,,,,,,,,FAILED,
CREDIT CARD,OH,27,,,,,68.11337868480723,8.253082980608351,7.333333333333333,1.6951404635928438,SARIMA,
CREDIT CARD,PA,27,,,,,245.6907156129746,15.674524414251763,13.141973014519282,2.875518956855425,SARIMA,
CREDIT CARD,SC,27,,,,,13.044217687074822,3.611677960045001,2.769841269841269,1.5121315192743758,SARIMA,
CREDIT CARD,TN,27,,,,,23.310657596371843,4.828111183099644,4.396825396825393,0.9892687559354217,SARIMA,
CREDIT CARD,TX,27,,,,,716.3457498621857,26.7646361802694,19.76326995969509,1.478135761543859,SARIMA,
CREDIT CARD,VA,27,,,,,,,,,FAILED,
CREDIT CARD,WA,27,,,,,,,,,FAILED,
CREDIT CARD,WI,27,,,,,25.4863945578231,5.048405149928351,4.547619047619045,3.5857142857142836,SARIMA,
CREDIT CARD OR PREPAID CARD,KS,27,,,,,0.7482993177520156,0.8650429571715011,0.7619047607521678,0.5555555542108624,SARIMA,
CREDIT REPORTING OR OTHER PERSONAL CONSUMER REPORTS,AL,27,,,,,74810.86419753086,273.51574762256536,212.55555555555551,7.138518152795147,SARIMA,
CREDIT REPORTING OR OTHER PERSONAL CONSUMER REPORTS,AR,27,,,,,8869.779498344267,94.17950678541627,77.03979672444744,4.359225083892735,SARIMA,
CREDIT REPORTING OR OTHER PERSONAL CONSUMER REPORTS,AZ,27,,,,,,,,,FAILED,
CREDIT REPORTING OR OTHER PERSONAL CONSUMER REPORTS,CA,27,,,,,878475.3456790121,937.2701561871114,749.111111111111,8.801904440315008,SARIMA,
CREDIT REPORTING OR OTHER PERSONAL CONSUMER REPORTS,CO,27,,,,,3201.618949622543,56.58285031369967,40.527727948646024,9.620288596945526,SARIMA,
CREDIT REPORTING OR OTHER PERSONAL CONSUMER REPORTS,CT,27,,,,,5204.572296893316,72.14272171808682,50.401887488724554,23.76622248223029,SARIMA,
CREDIT REPORTING OR OTHER PERSONAL CONSUMER REPORTS,DC,27,,,,,,,,,FAILED,
CREDIT REPORTING OR OTHER PERSONAL CONSUMER REPORTS,DE,27,,,,,,,,,FAILED,
CREDIT REPORTING OR OTHER PERSONAL CONSUMER REPORTS,FL,27,,,,,,,,,FAILED,
CREDIT REPORTING OR OTHER PERSONAL CONSUMER REPORTS,GA,27,,,,,,,,,FAILED,
CREDIT REPORTING OR OTHER PERSONAL CONSUMER REPORTS,IA,27,,,,,,,,,FAILED,
CREDIT REPORTING OR OTHER PERSONAL CONSUMER REPORTS,IL,27,,,,,63092.49999999999,251.18220478369878,192.83333333333334,2.4662057731485865,SARIMA,
CREDIT REPORTING OR OTHER PERSONAL CONSUMER REPORTS,IN,27,,,,,31070.47530864197,176.26819142613897,165.05555555555554,11.915102876654691,SARIMA,
CREDIT REPORTING OR OTHER PERSONAL CONSUMER REPORTS,LA,27,,,,,123000.7599355973,350.71464174681574,274.6334395409893,7.883431672979188,SARIMA,
CREDIT REPORTING OR OTHER PERSONAL CONSUMER REPORTS,MA,27,,,,,12261.10754989253,110.7298855318316,89.11072090386938,7.525841171289753,SARIMA,
CREDIT REPORTING OR OTHER PERSONAL CONSUMER REPORTS,MD,27,,,,,121197.66666666667,348.1345525320155,273.3333333333333,11.617349641438901,SARIMA,
CREDIT REPORTING OR OTHER PERSONAL CONSUMER REPORTS,MI,27,,,,,,,,,FAILED,
CREDIT REPORTING OR OTHER PERSONAL CONSUMER REPORTS,MN,27,,,,,,,,,FAILED,
CREDIT REPORTING OR OTHER PERSONAL CONSUMER REPORTS,MO,27,,,,,24561.196383800747,156.72012118359515,136.72685769175845,6.851062020879692,SARIMA,
CREDIT REPORTING OR OTHER PERSONAL CONSUMER REPORTS,MS,27,,,,,,,,,FAILED,
CREDIT REPORTING OR OTHER PERSONAL CONSUMER REPORTS,NC,27,,,,,377687.35047004005,614.5627311105352,480.56503917678896,7.523240639472068,SARIMA,
CREDIT REPORTING OR OTHER PERSONAL CONSUMER REPORTS,NJ,27,,,,,111799.64806034804,334.3645436650663,231.83548160539485,10.949696257135459,SARIMA,
CREDIT REPORTING OR OTHER PERSONAL CONSUMER REPORTS,NV,27,,,,,,,,,FAILED,
CREDIT REPORTING OR OTHER PERSONAL CONSUMER REPORTS,NY,27,,,,,682777.1666666666,826.3033139632605,754.8333333333334,9.677697253628146,SARIMA,
CREDIT REPORTING OR OTHER PERSONAL CONSUMER REPORTS,OH,27,,,,,38998.44444444443,197.48023811117008,150.66666666666663,7.993243046296288,SARIMA,
CREDIT REPORTING OR OTHER PERSONAL CONSUMER REPORTS,OK,27,,,,,3655.5679012345677,60.461292586534796,55.11111111111111,9.584587008424567,SARIMA,
CREDIT REPORTING OR OTHER PERSONAL CONSUMER REPORTS,PA,27,,,,,,,,,FAILED,
CREDIT REPORTING OR OTHER PERSONAL CONSUMER REPORTS,SC,27,,,,,,,,,FAILED,
CREDIT REPORTING OR OTHER PERSONAL CONSUMER REPORTS,TN,27,,,,,19410.703501191372,139.32230080353744,93.48746568217452,12.057278915990485,SARIMA,
CREDIT REPORTING OR OTHER PERSONAL CONSUMER REPORTS,TX,27,,,,,,,,,FAILED,
CREDIT REPORTING OR OTHER PERSONAL CONSUMER REPORTS,VA,27,,,,,138939.72605304516,372.7461952227617,319.9793619287911,18.879142171766627,SARIMA,
CREDIT REPORTING OR OTHER PERSONAL CONSUMER REPORTS,WA,27,,,,,6500.7777777777765,80.627400911711,65.22222222222221,22.830105468008693,SARIMA,
CREDIT REPORTING OR OTHER PERSONAL CONSUMER REPORTS,WI,27,,,,,,,,,FAILED,
"CREDIT REPORTING, CREDIT REPAIR SERVICES, OR OTHER PERSONAL CONSUMER REPORTS",ND,27,,,,,6.511301116507762,2.5517251255783338,2.3068079110397983,0.5840469055081827,SARIMA,
"MONEY TRANSFER, VIRTUAL CURRENCY, OR MONEY SERVICE",ID,27,,,,,0.8333333333333334,0.9128709291752769,0.5,0.4166666666666667,SARIMA,
MORTGAGE,IA,27,,,,,1.0493827159244473,1.0243938285271184,0.8148148146274113,0.6172839503986465,SARIMA,
MORTGAGE,ME,27,,,,,0.27891156468860906,0.5281207860789131,0.36507936503543387,0.2142857142198176,SARIMA,
MORTGAGE,NE,27,,,,,1.0000000000000002,1.0,0.6666666666666666,0.5000000000000001,SARIMA,
"PAYDAY LOAN, TITLE LOAN, OR PERSONAL LOAN",AZ,27,,,,,,,,,FAILED,
"PAYDAY LOAN, TITLE LOAN, OR PERSONAL LOAN",PA,27,,,,,2.278911565870421,1.50960642747387,1.3333333333333333,0.7449735440442652,SARIMA,
"PAYDAY LOAN, TITLE LOAN, OR PERSONAL LOAN",SC,27,,,,,,,,,FAILED,
"PAYDAY LOAN, TITLE LOAN, PERSONAL LOAN, OR ADVANCE LOAN",CA,27,,,,,17.215800032889987,4.149192696524227,3.884842425730136,0.7871146562050274,SARIMA,
"PAYDAY LOAN, TITLE LOAN, PERSONAL LOAN, OR ADVANCE LOAN",FL,27,,,,,33.02607709750567,5.74683191832732,4.293650793650794,1.42090073669021,SARIMA,
"PAYDAY LOAN, TITLE LOAN, PERSONAL LOAN, OR ADVANCE LOAN",GA,27,,,,,18.667800453514747,4.320625007277853,3.198412698412699,1.0846182917611487,SARIMA,
"PAYDAY LOAN, TITLE LOAN, PERSONAL LOAN, OR ADVANCE LOAN",TX,27,,,,,89.08641975308643,9.4385602584868,6.851851851851852,2.0077160493827164,SARIMA,
"PAYDAY LOAN, TITLE LOAN, PERSONAL LOAN, OR ADVANCE LOAN",VA,27,,,,,4.5,2.1213203435596424,1.8333333333333333,0.7865079365079365,SARIMA,
PREPAID CARD,CA,27,,,,,,,,,FAILED,
CREDIT CARD,AL,26,,,,,14.390625,3.7934977263733796,3.125,1.0449735449735449,SARIMA,
CREDIT CARD,IN,26,,,,,2.6666666666666656,1.6329931618554518,1.3333333333333333,0.3200854700854702,SARIMA,
CREDIT CARD,KY,26,,,,,8.666666666666666,2.943920288775949,2.3333333333333335,0.39682539682539675,SARIMA,
CREDIT CARD,LA,26,,,,,39.5625,6.289872812704562,5.833333333333333,2.4984126984126984,SARIMA,
CREDIT CARD,MI,26,,,,,20.166666666666668,4.4907311951024935,4.166666666666668,0.3582290394790395,SARIMA,
CREDIT CARD,MN,26,,,,,25.66666666666666,5.066228051190221,4.0,2.0666666666666664,SARIMA,
CREDIT CARD,MS,26,,,,,6.833333333333333,2.614064523559687,2.1666666666666665,1.3055555555555554,SARIMA,
CREDIT CARD,NV,26,,,,,43.83333333333335,6.620674688680403,5.166666666666667,1.3097222222222225,SARIMA,
CREDIT CARD,UT,26,,,,,2.4999999999999996,1.5811388300841895,1.5,0.7777777777777777,SARIMA,
CREDIT CARD OR PREPAID CARD,IA,26,,,,,4.475695101853667,2.1155838678373557,1.9494689115079045,1.3893929481654548,SARIMA,
CREDIT CARD OR PREPAID CARD,NM,26,,,,,1.5973346766154528,1.26385706336415,0.8501138076284626,0.5691597819947778,SARIMA,
CREDIT REPORTING OR OTHER PERSONAL CONSUMER REPORTS,HI,26,,,,,332.03961598106685,18.221954230572166,15.914327570909487,1.2827238827293237,SARIMA,
CREDIT REPORTING OR OTHER PERSONAL CONSUMER REPORTS,KS,26,,,,,333.06478715900687,18.250062661783023,14.789124557776162,0.648846571170675,SARIMA,
CREDIT REPORTING OR OTHER PERSONAL CONSUMER REPORTS,KY,26,,,,,2009.9322916666654,44.83226841981861,37.54166666666665,1.959291842760855,SARIMA,
CREDIT REPORTING OR OTHER PERSONAL CONSUMER REPORTS,ME,26,,,,,36.56043688234288,6.046522709983225,5.553899951367947,1.4513491473155131,SARIMA,
CREDIT REPORTING OR OTHER PERSONAL CONSUMER REPORTS,NE,26,,,,,1912.8489583333333,43.73612875339258,38.875,7.617320841867213,SARIMA,
CREDIT REPORTING OR OTHER PERSONAL CONSUMER REPORTS,OR,26,,,,,466.3072916666667,21.594149477732774,18.083333333333332,0.8837061403508772,SARIMA,
CREDIT REPORTING OR OTHER PERSONAL CONSUMER REPORTS,RI,26,,,,,790.9791666666669,28.12435184438331,23.083333333333332,2.7935133761400444,SARIMA,
CREDIT REPORTING OR OTHER PERSONAL CONSUMER REPORTS,UT,26,,,,,139.42057291666666,11.807648915709963,8.166666666666666,0.7403485410842251,SARIMA,
MORTGAGE,ID,26,,,,,0.6666666666666666,0.816496580927726,0.6666666666666666,0.5,SARIMA,
"PAYDAY LOAN, TITLE LOAN, PERSONAL LOAN, OR ADVANCE LOAN",IL,26,,,,,4.666666666666667,2.160246899469287,2.0,1.0833333333333333,SARIMA,
"PAYDAY LOAN, TITLE LOAN, PERSONAL LOAN, OR ADVANCE LOAN",NY,26,,,,,9.160134463505328,3.0265714039991405,2.256993671860561,1.3022776230001551,SARIMA,
STUDENT LOAN,UT,26,,,,,0.5588039374649595,0.7475318972893127,0.6632897904641374,0.45017251534969555,SARIMA,
VEHICLE LOAN OR LEASE,OR,26,,,,,1.8178628798530827,1.3482814542420594,1.0441878548466559,0.9789296777436792,SARIMA,
CREDIT CARD,AR,25,,,,,5.333333333333333,2.309401076758503,2.0,0.9638888888888889,SARIMA,
CREDIT CARD,ID,25,,,,,1.1054421768707485,1.0514001031342677,0.9761904761904763,0.6944444444444446,SARIMA,
CREDIT CARD,OK,25,,,,,7.333333333333333,2.70801280154532,2.3333333333333335,1.1388888888888888,SARIMA,
CREDIT CARD,OR,25,,,,,20.333333333333332,4.509249752822894,3.6666666666666665,0.6824074074074074,SARIMA,
CREDIT CARD,RI,25,,,,,1.8333333333333333,1.35400640077266,1.1666666666666667,0.5277777777777778,SARIMA,
CREDIT REPORTING OR OTHER PERSONAL CONSUMER REPORTS,ND,25,,,,,23.166666666666668,4.813176359397884,3.8333333333333335,1.0583333333333333,SARIMA,
CREDIT REPORTING OR OTHER PERSONAL CONSUMER REPORTS,NH,25,,,,,238.10544217687075,15.430665642702222,12.642857142857144,7.994886030875911,SARIMA,
CREDIT REPORTING OR OTHER PERSONAL CONSUMER REPORTS,NM,25,,,,,205.24829931972795,14.326489427620709,11.023809523809524,0.8000377073906487,SARIMA,
CREDIT REPORTING OR OTHER PERSONAL CONSUMER REPORTS,PR,25,,,,,56.916666666666664,7.544313531837517,6.666666666666667,2.3334904474610356,SARIMA,
CREDIT REPORTING OR OTHER PERSONAL CONSUMER REPORTS,WV,25,,,,,54.33333333333332,7.371114795831993,5.666666666666667,0.8036922015182885,SARIMA,
"CREDIT REPORTING, CREDIT REPAIR SERVICES, OR OTHER PERSONAL CONSUMER REPORTS",ID,25,,,,,18.447309604706817,4.295033131968462,3.799548129867931,1.098604028424784,SARIMA,
"CREDIT REPORTING, CREDIT REPAIR SERVICES, OR OTHER PERSONAL CONSUMER REPORTS",NH,25,,,,,0.9999999999999999,0.9999999999999999,0.6666666666666666,0.44444444444444436,SARIMA,
DEBT COLLECTION,WY,25,,,,,3.8333333333333335,1.9578900207451218,1.5,0.4444444444444444,SARIMA,
MORTGAGE,DC,25,,,,,1.0,1.0,0.6666666666666666,0.5833333333333334,SARIMA,
MORTGAGE,WV,25,,,,,0.5,0.7071067811865476,0.5,0.3333333333333333,SARIMA,
"PAYDAY LOAN, TITLE LOAN, PERSONAL LOAN, OR ADVANCE LOAN",AL,25,,,,,3.0204081632653055,1.737932151513777,1.3809523809523807,0.5809523809523809,SARIMA,
"PAYDAY LOAN, TITLE LOAN, PERSONAL LOAN, OR ADVANCE LOAN",PA,25,,,,,16.520408163265312,4.0645304972733705,3.7380952380952386,2.0912698412698414,SARIMA,
"PAYDAY LOAN, TITLE LOAN, PERSONAL LOAN, OR ADVANCE LOAN",SC,25,,,,,4.333333333333333,2.0816659994661326,1.6666666666666667,0.5119047619047619,SARIMA,
PREPAID CARD,NY,25,,,,,,,,,FAILED,
PREPAID CARD,TX,25,,,,,,,,,FAILED,
CREDIT CARD,KS,24,,,,,,,,,FAILED,
CREDIT REPORTING OR OTHER PERSONAL CONSUMER REPORTS,AK,24,,,,,,,,,FAILED,
CREDIT REPORTING OR OTHER PERSONAL CONSUMER REPORTS,ID,24,,,,,,,,,FAILED,
DEBT OR CREDIT MANAGEMENT,TX,24,,,,,,,,,FAILED,
"PAYDAY LOAN, TITLE LOAN, OR PERSONAL LOAN",NJ,24,,,,,,,,,FAILED,
"PAYDAY LOAN, TITLE LOAN, PERSONAL LOAN, OR ADVANCE LOAN",AZ,24,,,,,,,,,FAILED,
"PAYDAY LOAN, TITLE LOAN, PERSONAL LOAN, OR ADVANCE LOAN",NC,24,,,,,,,,,FAILED,
"PAYDAY LOAN, TITLE LOAN, PERSONAL LOAN, OR ADVANCE LOAN",OH,24,,,,,,,,,FAILED,
"PAYDAY LOAN, TITLE LOAN, PERSONAL LOAN, OR ADVANCE LOAN",TN,24,,,,,,,,,FAILED,
PREPAID CARD,IL,24,,,,,,,,,FAILED,
STUDENT LOAN,DC,24,,,,,,,,,FAILED,
STUDENT LOAN,MS,24,,,,,,,,,FAILED,
STUDENT LOAN,OK,24,,,,,,,,,FAILED,
